WARD,PRECINCT,ID,RO_E15,RO_G15,Clinton_P16,Sanders_P16
01,001,C01001,93,166,145,306
01,002,C01002,75,179,138,278
01,003,C01003,149,120,164,260
01,004,C01004,145,132,170,215
01,005,C01005,144,73,171,201
01,006,C01006,144,146,165,233
01,007,C01007,79,107,94,188
01,008,C01008,158,111,188,168
01,009,C01009,106,158,165,182
01,010,C01010,138,88,171,231
01,011,C01011,149,104,175,232
01,012,C01012,139,161,134,302
01,013,C01013,40,81,76,115
01,014,C01014,147,123,184,241
01,015,C01015,85,171,134,249
01,016,C01016,64,164,141,214
01,017,C01017,83,168,114,286
01,018,C01018,104,185,150,284
01,019,C01019,126,262,182,351
01,020,C01020,72,166,111,241
01,021,C01021,154,78,163,232
01,022,C01022,68,99,122,180
01,023,C01023,155,240,185,421
01,024,C01024,55,145,149,260
01,025,C01025,77,124,121,297
01,026,C01026,39,159,129,201
01,027,C01027,118,129,169,219
01,028,C01028,51,82,118,39
01,029,C01029,139,118,140,223
01,030,C01030,83,227,156,295
01,031,C01031,123,156,173,241
01,032,C01032,138,126,144,244
01,033,C01033,140,142,189,220
01,034,C01034,86,149,110,262
01,035,C01035,145,154,178,269
01,036,C01036,150,82,146,201
01,037,C01037,132,109,151,225
01,038,C01038,109,162,195,223
01,039,C01039,107,129,149,184
01,040,C01040,165,116,196,179
01,041,C01041,72,120,88,180
01,042,C01042,29,62,37,87
01,043,C01043,86,97,98,184
01,044,C01044,87,109,97,255
02,001,C02001,137,114,148,236
02,002,C02002,299,45,169,64
02,003,C02003,176,100,186,228
02,004,C02004,141,127,128,229
02,005,C02005,168,145,162,247
02,006,C02006,132,137,140,256
02,007,C02007,170,112,166,183
02,008,C02008,148,139,146,266
02,009,C02009,229,42,148,90
02,010,C02010,334,35,176,65
02,011,C02011,344,33,192,96
02,012,C02012,258,78,210,132
02,013,C02013,336,62,201,104
02,014,C02014,172,171,143,267
02,015,C02015,174,102,139,217
02,016,C02016,148,71,129,194
02,017,C02017,218,133,149,290
02,018,C02018,246,43,183,93
02,019,C02019,274,31,148,54
02,020,C02020,234,37,171,127
02,021,C02021,186,129,151,225
02,022,C02022,319,60,160,131
02,023,C02023,310,27,159,52
02,024,C02024,252,44,196,105
02,025,C02025,186,82,163,205
02,026,C02026,190,56,178,119
02,027,C02027,256,43,164,106
02,028,C02028,273,71,180,130
02,029,C02029,248,44,165,133
02,030,C02030,238,55,171,82
02,031,C02031,425,59,256,103
02,032,C02032,193,42,127,98
02,033,C02033,446,86,288,163
02,034,C02034,309,34,168,62
02,035,C02035,237,44,186,125
02,036,C02036,228,50,150,100
02,037,C02037,282,81,185,90
02,038,C02038,322,54,166,99
02,039,C02039,207,44,120,67
02,040,C02040,211,41,174,100
02,041,C02041,181,29,135,90
02,042,C02042,210,69,194,135
02,043,C02043,301,54,189,144
02,044,C02044,190,42,128,57
02,045,C02045,238,104,200,142
02,046,C02046,155,32,88,93
03,001,C03001,198,147,358,212
03,002,C03002,307,141,436,146
03,003,C03003,241,102,294,117
03,004,C03004,177,174,290,194
03,005,C03005,147,76,228,108
03,006,C03006,261,85,215,159
03,007,C03007,155,124,247,81
03,008,C03008,134,95,274,169
03,009,C03009,175,129,249,195
03,010,C03010,94,64,180,72
03,011,C03011,171,133,269,203
03,012,C03012,211,154,310,165
03,013,C03013,277,92,276,142
03,014,C03014,183,77,221,184
03,015,C03015,156,127,312,157
03,016,C03016,179,112,284,157
03,017,C03017,204,105,258,187
03,018,C03018,264,168,427,237
03,019,C03019,253,84,235,123
03,020,C03020,182,136,295,198
03,021,C03021,293,109,296,89
03,022,C03022,204,92,211,258
03,023,C03023,177,114,308,124
03,024,C03024,188,103,280,137
03,025,C03025,372,86,333,158
03,026,C03026,358,92,298,158
03,027,C03027,222,91,194,168
03,028,C03028,194,73,221,78
03,029,C03029,200,112,313,159
03,030,C03030,193,131,267,167
03,031,C03031,237,124,330,216
03,032,C03032,265,79,244,191
03,033,C03033,190,66,222,182
03,034,C03034,256,104,287,181
03,035,C03035,85,78,135,78
03,036,C03036,100,74,174,88
03,037,C03037,148,106,251,139
03,038,C03038,249,101,287,94
03,039,C03039,250,52,230,171
03,040,C03040,225,142,288,204
03,041,C03041,182,108,226,143
04,001,C04001,138,261,227,307
04,002,C04002,295,81,249,182
04,003,C04003,172,133,293,167
04,004,C04004,227,185,392,249
04,005,C04005,178,164,258,222
04,006,C04006,307,181,400,152
04,007,C04007,234,176,359,186
04,008,C04008,221,195,310,223
04,009,C04009,251,234,354,211
04,010,C04010,225,173,324,228
04,011,C04011,221,119,332,192
04,012,C04012,193,158,303,219
04,013,C04013,130,62,140,245
04,014,C04014,199,154,267,201
04,015,C04015,240,160,343,255
04,016,C04016,254,93,224,278
04,017,C04017,235,106,229,274
04,018,C04018,221,141,306,121
04,019,C04019,180,132,319,186
04,020,C04020,242,104,227,161
04,021,C04021,195,109,198,315
04,022,C04022,237,166,298,175
04,023,C04023,238,223,301,312
04,024,C04024,205,132,242,201
04,025,C04025,253,87,226,193
04,026,C04026,227,150,314,162
04,027,C04027,137,218,227,296
04,028,C04028,214,142,255,149
04,029,C04029,141,128,266,187
04,030,C04030,230,156,410,227
04,031,C04031,287,170,329,153
04,032,C04032,185,146,275,222
04,033,C04033,207,186,298,223
04,034,C04034,154,126,227,176
04,035,C04035,273,184,385,184
04,036,C04036,223,172,293,224
04,037,C04037,233,91,270,176
04,038,C04038,242,155,327,183
05,001,C05001,166,105,242,150
05,002,C05002,133,126,245,143
05,003,C05003,130,213,197,281
05,004,C05004,163,153,269,250
05,005,C05005,173,155,279,168
05,006,C05006,139,129,233,146
05,007,C05007,194,115,235,197
05,008,C05008,202,167,228,227
05,009,C05009,233,165,260,275
05,010,C05010,143,118,244,135
05,011,C05011,181,198,231,236
05,012,C05012,134,93,224,134
05,013,C05013,153,117,243,134
05,014,C05014,186,130,221,174
05,015,C05015,171,152,234,196
05,016,C05016,191,123,262,165
05,017,C05017,163,93,295,143
05,018,C05018,154,145,170,235
05,019,C05019,157,217,195,239
05,020,C05020,209,178,258,225
05,021,C05021,138,169,219,257
05,022,C05022,311,128,289,184
05,023,C05023,275,218,337,361
05,024,C05024,143,179,224,280
05,025,C05025,184,155,292,127
05,026,C05026,178,133,264,175
05,027,C05027,153,139,197,261
05,028,C05028,226,160,290,176
05,029,C05029,179,197,283,191
05,030,C05030,117,113,215,122
05,031,C05031,121,108,231,146
05,032,C05032,234,176,312,169
05,033,C05033,214,141,334,139
05,034,C05034,245,159,280,269
05,035,C05035,196,169,226,250
05,036,C05036,145,101,237,117
05,037,C05037,233,154,267,164
05,038,C05038,162,119,281,170
05,039,C05039,173,134,194,151
05,040,C05040,171,132,205,148
05,041,C05041,149,78,167,75
06,001,C06001,202,148,280,133
06,002,C06002,192,129,265,135
06,003,C06003,235,98,310,93
06,004,C06004,133,87,216,93
06,005,C06005,120,97,190,85
06,006,C06006,164,121,244,139
06,007,C06007,160,104,234,143
06,008,C06008,176,145,287,125
06,009,C06009,141,113,262,147
06,010,C06010,108,78,203,81
06,011,C06011,135,108,263,138
06,012,C06012,101,75,227,109
06,013,C06013,121,106,176,121
06,014,C06014,156,126,247,101
06,015,C06015,138,109,243,135
06,016,C06016,185,152,260,160
06,017,C06017,141,72,201,119
06,018,C06018,118,82,194,79
06,019,C06019,183,97,262,116
06,020,C06020,88,71,180,86
06,021,C06021,107,66,179,79
06,022,C06022,111,92,204,71
06,023,C06023,97,77,194,86
06,024,C06024,104,61,216,72
06,025,C06025,95,79,164,91
06,026,C06026,90,80,220,114
06,027,C06027,74,86,186,70
06,028,C06028,79,68,161,68
06,029,C06029,198,153,263,148
06,030,C06030,121,118,230,114
06,031,C06031,191,130,258,127
06,032,C06032,155,117,269,99
06,033,C06033,167,135,258,141
06,034,C06034,170,133,274,119
06,035,C06035,166,130,252,108
06,036,C06036,203,138,313,119
06,037,C06037,187,186,251,140
06,038,C06038,172,168,273,139
06,039,C06039,128,121,238,136
06,040,C06040,139,119,222,120
06,041,C06041,182,113,285,138
06,042,C06042,153,115,276,132
06,043,C06043,137,133,220,113
06,044,C06044,198,125,285,112
06,045,C06045,157,144,265,158
06,046,C06046,119,100,186,82
06,047,C06047,132,97,236,92
06,048,C06048,171,113,255,149
07,001,C07001,119,110,215,130
07,002,C07002,128,112,226,136
07,003,C07003,156,133,238,116
07,004,C07004,148,141,259,131
07,005,C07005,111,114,182,115
07,006,C07006,221,167,262,182
07,007,C07007,125,100,226,140
07,008,C07008,200,86,219,88
07,009,C07009,262,244,378,176
07,010,C07010,176,122,276,117
07,011,C07011,147,117,275,162
07,012,C07012,148,112,255,122
07,013,C07013,150,69,164,52
07,014,C07014,156,112,233,148
07,015,C07015,152,150,252,126
07,016,C07016,122,104,208,124
07,017,C07017,119,94,230,95
07,018,C07018,124,104,181,114
07,019,C07019,169,100,235,135
07,020,C07020,105,69,192,84
07,021,C07021,109,87,201,86
07,022,C07022,112,97,180,97
07,023,C07023,171,146,263,120
07,024,C07024,143,120,250,96
07,025,C07025,112,127,217,134
07,026,C07026,131,99,213,104
07,027,C07027,142,89,213,90
07,028,C07028,113,94,168,91
07,029,C07029,155,78,192,110
07,030,C07030,105,103,195,86
07,031,C07031,80,91,151,93
07,032,C07032,262,172,338,151
07,033,C07033,251,156,327,140
07,034,C07034,208,156,278,129
07,035,C07035,131,141,226,121
07,036,C07036,190,163,291,149
07,037,C07037,193,143,274,136
07,038,C07038,124,74,208,106
07,039,C07039,160,119,247,92
07,040,C07040,167,122,239,89
07,041,C07041,143,119,252,110
07,042,C07042,159,116,250,101
07,043,C07043,158,111,247,102
07,044,C07044,148,99,232,108
07,045,C07045,135,127,256,125
07,046,C07046,108,48,154,31
08,001,C08001,130,87,210,89
08,002,C08002,173,108,256,141
08,003,C08003,213,149,300,124
08,004,C08004,216,151,291,127
08,005,C08005,212,161,287,118
08,006,C08006,197,125,261,134
08,007,C08007,213,149,295,147
08,008,C08008,184,151,257,113
08,009,C08009,115,80,170,104
08,010,C08010,221,178,296,161
08,011,C08011,167,108,239,103
08,012,C08012,138,112,235,111
08,013,C08013,197,123,305,131
08,014,C08014,104,78,211,122
08,015,C08015,141,111,237,124
08,016,C08016,52,39,96,55
08,017,C08017,178,102,235,101
08,018,C08018,153,87,272,98
08,019,C08019,189,172,295,138
08,020,C08020,175,138,258,162
08,021,C08021,193,150,335,149
08,022,C08022,172,97,224,120
08,023,C08023,115,110,210,113
08,024,C08024,109,89,147,85
08,025,C08025,181,114,271,111
08,026,C08026,168,107,268,133
08,027,C08027,185,146,262,147
08,028,C08028,164,140,255,132
08,029,C08029,182,147,307,153
08,030,C08030,197,126,283,151
08,031,C08031,138,87,202,107
08,032,C08032,143,101,192,116
08,033,C08033,178,105,267,121
08,034,C08034,190,99,246,101
08,035,C08035,195,156,268,141
08,036,C08036,190,129,265,133
08,037,C08037,155,118,223,104
08,038,C08038,130,77,204,57
08,039,C08039,187,115,256,147
08,040,C08040,149,77,211,105
08,041,C08041,178,129,273,106
08,042,C08042,194,161,319,157
08,043,C08043,87,69,145,66
08,044,C08044,97,87,186,78
08,045,C08045,136,101,287,132
08,046,C08046,120,120,191,103
08,047,C08047,163,93,236,87
08,048,C08048,137,101,235,143
08,049,C08049,162,134,224,118
08,050,C08050,207,123,267,131
08,051,C08051,175,156,267,144
08,052,C08052,233,173,352,134
08,053,C08053,105,63,152,67
08,054,C08054,135,92,243,110
08,055,C08055,120,67,232,71
08,056,C08056,205,115,276,116
09,001,C09001,186,100,274,133
09,002,C09002,143,93,235,101
09,003,C09003,91,61,244,108
09,004,C09004,131,95,213,110
09,005,C09005,159,101,240,101
09,006,C09006,175,129,241,120
09,007,C09007,108,82,206,73
09,008,C09008,129,98,214,165
09,009,C09009,199,141,303,106
09,010,C09010,132,108,235,89
09,011,C09011,121,73,204,76
09,012,C09012,181,130,257,122
09,013,C09013,194,139,269,119
09,014,C09014,218,148,328,131
09,015,C09015,93,63,279,132
09,016,C09016,156,86,230,108
09,017,C09017,121,80,221,97
09,018,C09018,112,82,185,93
09,019,C09019,133,107,260,125
09,020,C09020,178,117,280,135
09,021,C09021,154,103,221,94
09,022,C09022,178,128,254,147
09,023,C09023,185,148,262,143
09,024,C09024,186,99,265,120
09,025,C09025,154,133,232,124
09,026,C09026,98,92,250,128
09,027,C09027,155,98,246,112
09,028,C09028,71,93,152,94
09,029,C09029,143,119,248,92
09,030,C09030,134,88,251,84
09,031,C09031,127,83,204,100
09,032,C09032,145,110,241,94
09,033,C09033,126,62,228,71
09,034,C09034,131,87,226,96
09,035,C09035,165,114,219,130
09,036,C09036,123,103,225,110
09,037,C09037,193,143,195,220
09,038,C09038,175,93,260,107
09,039,C09039,168,119,251,121
09,040,C09040,190,124,284,122
09,041,C09041,141,85,205,104
09,042,C09042,166,164,242,139
09,043,C09043,139,77,252,117
09,044,C09044,102,146,227,99
09,045,C09045,131,82,207,97
09,046,C09046,152,106,241,132
09,047,C09047,195,146,249,148
09,048,C09048,162,153,259,132
09,049,C09049,183,124,267,142
09,050,C09050,211,176,311,183
09,051,C09051,185,117,235,125
10,001,C10001,127,123,221,126
10,002,C10002,196,183,114,117
10,003,C10003,223,144,131,128
10,004,C10004,91,166,172,143
10,005,C10005,163,142,117,100
10,006,C10006,124,176,157,130
10,007,C10007,76,156,111,118
10,008,C10008,67,98,155,130
10,009,C10009,206,185,114,137
10,010,C10010,162,214,126,209
10,011,C10011,148,330,162,227
10,012,C10012,93,156,87,136
10,013,C10013,125,242,235,143
10,014,C10014,163,334,197,198
10,015,C10015,287,265,492,197
10,016,C10016,160,118,120,118
10,017,C10017,260,234,150,174
10,018,C10018,74,119,123,109
10,019,C10019,169,248,115,177
10,020,C10020,173,239,144,189
10,021,C10021,120,268,146,204
10,022,C10022,40,150,81,124
10,023,C10023,98,239,134,191
10,024,C10024,223,185,93,153
10,025,C10025,38,57,68,46
10,026,C10026,76,190,138,139
10,027,C10027,108,176,218,117
10,028,C10028,108,315,145,230
10,029,C10029,99,236,133,172
10,030,C10030,84,238,166,174
10,031,C10031,70,188,122,130
10,032,C10032,146,214,137,181
10,033,C10033,67,184,103,131
10,034,C10034,66,145,132,110
10,035,C10035,211,238,128,177
10,036,C10036,31,56,57,27
11,001,C11001,244,141,167,192
11,002,C11002,17,24,49,6
11,003,C11003,74,193,103,258
11,004,C11004,164,191,159,178
11,005,C11005,178,252,168,323
11,006,C11006,206,118,183,235
11,007,C11007,140,104,150,499
11,008,C11008,192,172,141,215
11,009,C11009,178,160,150,187
11,010,C11010,235,133,167,169
11,011,C11011,222,184,143,195
11,012,C11012,366,249,207,232
11,013,C11013,339,216,181,201
11,014,C11014,182,67,112,84
11,015,C11015,127,41,84,80
11,016,C11016,181,119,120,136
11,017,C11017,219,174,151,275
11,018,C11018,253,102,159,152
11,019,C11019,223,215,164,313
11,020,C11020,218,85,135,108
11,021,C11021,407,176,233,218
11,022,C11022,273,211,206,251
11,023,C11023,202,69,126,102
11,024,C11024,378,125,223,207
11,025,C11025,247,157,178,205
11,026,C11026,327,181,197,235
11,027,C11027,96,62,80,76
11,028,C11028,127,78,75,101
11,029,C11029,325,174,201,175
11,030,C11030,180,53,117,82
11,031,C11031,274,167,138,168
11,032,C11032,189,48,68,89
11,033,C11033,200,100,164,169
11,034,C11034,130,34,77,46
11,035,C11035,109,45,84,33
11,036,C11036,119,59,87,67
11,037,C11037,102,36,68,62
11,038,C11038,36,114,66,138
12,001,C12001,104,229,156,216
12,002,C12002,73,182,139,193
12,003,C12003,114,265,150,276
12,004,C12004,101,229,163,238
12,005,C12005,124,165,142,192
12,006,C12006,104,223,171,182
12,007,C12007,29,232,115,237
12,008,C12008,128,203,214,198
12,009,C12009,83,203,141,170
12,010,C12010,39,263,165,275
12,011,C12011,56,270,180,199
12,012,C12012,74,193,181,190
12,013,C12013,84,232,175,208
12,014,C12014,25,216,136,203
12,015,C12015,76,229,157,147
12,016,C12016,37,257,161,203
12,017,C12017,91,232,167,220
12,018,C12018,33,236,129,195
12,019,C12019,68,236,165,208
12,020,C12020,79,275,206,229
12,021,C12021,98,218,149,233
12,022,C12022,30,212,144,253
12,023,C12023,107,204,160,210
13,001,C13001,166,101,128,134
13,002,C13002,207,98,122,146
13,003,C13003,80,138,116,155
13,004,C13004,215,120,156,134
13,005,C13005,153,198,180,216
13,006,C13006,218,107,132,153
13,007,C13007,125,117,160,125
13,008,C13008,120,111,99,116
13,009,C13009,153,135,144,175
13,010,C13010,212,105,92,126
13,011,C13011,218,148,166,156
13,012,C13012,145,140,130,171
13,013,C13013,139,173,199,159
13,014,C13014,130,141,146,167
13,015,C13015,240,198,258,280
13,016,C13016,108,129,128,142
13,017,C13017,149,112,136,137
13,018,C13018,148,95,101,116
13,019,C13019,121,201,217,243
13,020,C13020,123,71,67,101
13,021,C13021,247,124,138,169
13,022,C13022,220,133,140,165
13,023,C13023,104,129,107,163
13,024,C13024,157,132,150,148
13,025,C13025,156,151,144,196
13,026,C13026,204,106,191,166
13,027,C13027,187,120,141,174
13,028,C13028,112,140,128,151
13,029,C13029,112,136,120,143
13,030,C13030,104,129,151,113
13,031,C13031,199,126,149,150
13,032,C13032,180,97,114,137
13,033,C13033,189,105,112,143
13,034,C13034,184,175,236,194
13,035,C13035,126,155,155,135
13,036,C13036,74,95,91,100
13,037,C13037,186,147,227,139
13,038,C13038,171,112,97,118
13,039,C13039,147,163,188,151
13,040,C13040,149,105,135,138
13,041,C13041,128,156,174,177
13,042,C13042,192,118,103,154
13,043,C13043,193,135,165,177
13,044,C13044,310,99,271,200
13,045,C13045,208,94,179,217
13,046,C13046,139,218,186,226
13,047,C13047,142,171,197,166
13,048,C13048,197,86,132,125
14,001,C14001,246,170,127,176
14,002,C14002,155,266,198,255
14,003,C14003,75,220,172,240
14,004,C14004,194,127,93,142
14,005,C14005,88,284,224,281
14,006,C14006,42,104,82,96
14,007,C14007,92,234,140,234
14,008,C14008,81,222,137,240
14,009,C14009,202,158,131,212
14,010,C14010,72,148,101,141
14,011,C14011,55,116,96,123
14,012,C14012,128,184,143,176
14,013,C14013,88,150,129,158
14,014,C14014,75,198,150,202
14,015,C14015,76,226,192,232
14,016,C14016,74,153,112,150
14,017,C14017,77,180,138,167
14,018,C14018,56,80,51,81
14,019,C14019,59,215,148,218
14,020,C14020,53,138,99,147
14,021,C14021,52,237,120,211
14,022,C14022,147,184,175,213
14,023,C14023,138,125,102,127
14,024,C14024,235,171,124,187
14,025,C14025,34,154,96,124
14,026,C14026,33,159,120,139
14,027,C14027,108,159,146,180
14,028,C14028,92,142,113,124
14,029,C14029,73,183,117,193
14,030,C14030,29,126,95,111
14,031,C14031,33,142,91,118
15,001,C15001,57,280,156,171
15,002,C15002,105,67,162,77
15,003,C15003,100,84,165,73
15,004,C15004,68,272,118,218
15,005,C15005,47,228,149,190
15,006,C15006,73,230,148,202
15,007,C15007,121,104,196,100
15,008,C15008,63,270,111,206
15,009,C15009,68,318,178,249
15,010,C15010,86,287,179,278
15,011,C15011,74,266,180,228
15,012,C15012,89,301,159,239
15,013,C15013,46,212,153,173
15,014,C15014,30,199,110,201
15,015,C15015,48,176,169,186
15,016,C15016,77,233,178,174
15,017,C15017,138,93,189,71
15,018,C15018,105,94,204,91
15,019,C15019,89,175,144,133
15,020,C15020,90,90,176,53
15,021,C15021,108,79,197,75
15,022,C15022,107,95,215,90
15,023,C15023,133,83,218,93
15,024,C15024,92,97,190,85
16,001,C16001,65,246,140,236
16,002,C16002,131,88,205,128
16,003,C16003,134,75,190,83
16,004,C16004,123,103,180,92
16,005,C16005,97,88,186,100
16,006,C16006,111,96,209,100
16,007,C16007,101,121,185,116
16,008,C16008,80,52,149,97
16,009,C16009,147,98,235,91
16,010,C16010,129,88,222,71
16,011,C16011,104,123,180,129
16,012,C16012,103,75,185,91
16,013,C16013,78,138,171,139
16,014,C16014,107,78,180,84
16,015,C16015,162,90,238,102
16,016,C16016,143,113,229,96
16,017,C16017,88,140,175,140
16,018,C16018,111,139,209,105
16,019,C16019,92,98,196,124
16,020,C16020,130,76,190,90
16,021,C16021,100,86,187,80
16,022,C16022,106,92,199,90
16,023,C16023,60,165,173,138
16,024,C16024,86,65,149,63
16,025,C16025,150,99,215,101
16,026,C16026,123,96,191,76
16,027,C16027,106,83,201,94
16,028,C16028,160,117,210,100
16,029,C16029,109,90,218,87
16,030,C16030,122,87,183,71
16,031,C16031,154,92,230,91
16,032,C16032,60,174,158,184
16,033,C16033,134,101,215,67
16,034,C16034,129,80,215,82
16,035,C16035,72,148,171,159
16,036,C16036,116,72,164,66
17,001,C17001,78,181,157,161
17,002,C17002,128,109,226,108
17,003,C17003,129,97,237,116
17,004,C17004,196,104,329,152
17,005,C17005,128,101,216,93
17,006,C17006,114,110,201,143
17,007,C17007,62,119,175,154
17,008,C17008,123,108,240,130
17,009,C17009,147,116,244,118
17,010,C17010,158,120,261,127
17,011,C17011,130,87,229,91
17,012,C17012,102,166,231,214
17,013,C17013,123,84,221,89
17,014,C17014,124,138,227,143
17,015,C17015,137,123,268,135
17,016,C17016,97,129,190,146
17,017,C17017,134,100,198,142
17,018,C17018,181,114,268,115
17,019,C17019,80,62,140,93
17,020,C17020,196,147,284,162
17,021,C17021,200,153,295,147
17,022,C17022,147,129,223,90
17,023,C17023,98,79,171,64
17,024,C17024,192,108,294,130
17,025,C17025,117,85,191,108
17,026,C17026,191,122,269,139
17,027,C17027,137,99,279,95
17,028,C17028,117,94,231,82
17,029,C17029,142,78,249,103
17,030,C17030,87,141,157,130
17,031,C17031,105,85,173,72
17,032,C17032,112,63,232,87
17,033,C17033,93,72,185,68
17,034,C17034,105,83,197,76
17,035,C17035,114,81,189,102
17,036,C17036,163,132,278,137
17,037,C17037,132,87,245,88
17,038,C17038,170,118,255,121
17,039,C17039,146,117,244,100
17,040,C17040,147,109,249,134
17,041,C17041,202,109,279,126
18,001,C18001,108,123,181,151
18,002,C18002,108,164,140,171
18,003,C18003,145,176,136,124
18,004,C18004,156,158,238,143
18,005,C18005,141,61,179,65
18,006,C18006,162,111,132,121
18,007,C18007,158,139,197,153
18,008,C18008,166,146,213,150
18,009,C18009,176,133,207,132
18,010,C18010,215,179,311,162
18,011,C18011,128,127,160,139
18,012,C18012,161,112,233,112
18,013,C18013,156,162,229,149
18,014,C18014,163,136,242,144
18,015,C18015,131,189,218,198
18,016,C18016,166,130,239,114
18,017,C18017,153,159,197,152
18,018,C18018,170,109,225,93
18,019,C18019,178,127,262,97
18,020,C18020,148,103,218,94
18,021,C18021,194,187,268,179
18,022,C18022,202,154,294,150
18,023,C18023,139,131,207,144
18,024,C18024,124,164,137,171
18,025,C18025,122,182,139,159
18,026,C18026,199,165,270,185
18,027,C18027,119,107,165,113
18,028,C18028,154,140,132,148
18,029,C18029,154,154,212,129
18,030,C18030,155,172,161,181
18,031,C18031,130,170,214,162
18,032,C18032,189,125,266,117
18,033,C18033,126,112,216,104
18,034,C18034,236,169,319,128
18,035,C18035,204,164,261,143
18,036,C18036,147,146,169,178
18,037,C18037,178,180,231,167
18,038,C18038,158,136,238,106
18,039,C18039,110,100,172,103
18,040,C18040,151,200,196,199
18,041,C18041,204,153,259,148
18,042,C18042,143,106,182,114
18,043,C18043,96,145,129,151
18,044,C18044,144,143,108,152
18,045,C18045,108,178,177,131
18,046,C18046,144,197,150,193
18,047,C18047,100,98,166,103
18,048,C18048,125,93,191,113
18,049,C18049,101,94,150,109
18,050,C18050,126,92,190,98
19,001,C19001,228,92,112,146
19,002,C19002,306,180,267,208
19,003,C19003,168,114,66,103
19,004,C19004,248,159,93,172
19,005,C19005,247,148,207,179
19,006,C19006,196,183,118,119
19,007,C19007,212,128,128,142
19,008,C19008,222,187,104,154
19,009,C19009,166,87,111,80
19,010,C19010,256,153,204,196
19,011,C19011,246,143,78,125
19,012,C19012,178,119,70,121
19,013,C19013,212,190,268,207
19,014,C19014,244,138,213,169
19,015,C19015,258,219,107,179
19,016,C19016,226,156,97,163
19,017,C19017,173,128,88,153
19,018,C19018,187,131,142,165
19,019,C19019,279,181,217,206
19,020,C19020,184,137,205,130
19,021,C19021,200,130,69,136
19,022,C19022,223,164,150,159
19,023,C19023,235,140,112,169
19,024,C19024,182,113,77,107
19,025,C19025,228,111,145,159
19,026,C19026,247,97,153,137
19,027,C19027,176,163,171,215
19,028,C19028,206,184,266,180
19,029,C19029,186,157,80,153
19,030,C19030,203,116,77,152
19,031,C19031,186,125,137,149
19,032,C19032,190,126,98,162
19,033,C19033,200,156,91,137
19,034,C19034,228,111,142,155
19,035,C19035,199,113,135,154
19,036,C19036,233,173,274,225
19,037,C19037,175,175,182,182
19,038,C19038,174,128,189,165
19,039,C19039,48,39,95,63
19,040,C19040,222,154,195,175
19,041,C19041,190,144,71,148
19,042,C19042,153,131,163,121
19,043,C19043,236,190,359,182
19,044,C19044,241,152,89,178
19,045,C19045,207,141,94,160
19,046,C19046,257,120,111,168
19,047,C19047,258,231,294,263
19,048,C19048,209,138,311,181
19,049,C19049,232,203,288,193
19,050,C19050,150,121,116,122
19,051,C19051,292,121,158,192
19,052,C19052,201,189,90,163
19,053,C19053,207,125,104,148
19,054,C19054,146,133,47,111
19,055,C19055,191,123,76,110
19,056,C19056,254,130,213,136
19,057,C19057,171,132,158,141
20,001,C20001,114,102,228,117
20,002,C20002,75,41,128,45
20,003,C20003,122,97,205,108
20,004,C20004,60,61,106,70
20,005,C20005,126,127,217,162
20,006,C20006,78,50,148,66
20,007,C20007,115,97,244,134
20,008,C20008,172,108,274,83
20,009,C20009,174,145,263,183
20,010,C20010,108,88,202,101
20,011,C20011,163,137,299,183
20,012,C20012,67,66,169,94
20,013,C20013,157,126,299,113
20,014,C20014,95,73,154,68
20,015,C20015,41,183,165,203
20,016,C20016,151,147,246,156
20,017,C20017,69,88,117,88
20,018,C20018,126,80,206,94
20,019,C20019,146,111,250,161
20,020,C20020,33,140,129,146
20,021,C20021,112,81,201,105
20,022,C20022,182,157,273,198
20,023,C20023,172,113,271,121
20,024,C20024,124,121,176,171
20,025,C20025,130,107,205,99
20,026,C20026,131,148,188,208
20,027,C20027,91,77,174,72
20,028,C20028,111,79,173,82
20,029,C20029,203,122,275,133
20,030,C20030,99,53,132,62
20,031,C20031,151,95,301,164
20,032,C20032,166,92,273,107
20,033,C20033,101,45,164,60
20,034,C20034,112,174,230,311
20,035,C20035,80,63,235,138
20,036,C20036,60,30,104,28
20,037,C20037,54,38,92,51
20,038,C20038,64,48,112,51
20,039,C20039,20,23,36,21
21,001,C21001,208,119,264,132
21,002,C21002,118,83,183,107
21,003,C21003,184,121,287,113
21,004,C21004,151,132,277,125
21,005,C21005,188,147,273,147
21,006,C21006,154,103,234,101
21,007,C21007,198,130,290,111
21,008,C21008,151,119,272,108
21,009,C21009,192,142,294,114
21,010,C21010,163,118,233,113
21,011,C21011,190,94,262,120
21,012,C21012,161,109,244,122
21,013,C21013,145,115,221,119
21,014,C21014,209,140,282,163
21,015,C21015,151,110,251,98
21,016,C21016,164,101,243,129
21,017,C21017,137,113,237,116
21,018,C21018,201,126,299,139
21,019,C21019,199,104,273,115
21,020,C21020,170,109,235,111
21,021,C21021,149,84,224,114
21,022,C21022,169,112,231,125
21,023,C21023,146,123,227,104
21,024,C21024,172,113,257,100
21,025,C21025,153,126,242,97
21,026,C21026,157,100,260,113
21,027,C21027,150,148,244,129
21,028,C21028,191,142,310,133
21,029,C21029,170,123,290,113
21,030,C21030,115,80,227,89
21,031,C21031,135,84,175,92
21,032,C21032,164,107,251,108
21,033,C21033,169,120,268,124
21,034,C21034,143,133,246,129
21,035,C21035,202,107,275,116
21,036,C21036,170,118,263,129
21,037,C21037,132,105,212,93
21,038,C21038,151,94,264,121
21,039,C21039,121,85,215,84
21,040,C21040,161,84,222,96
21,041,C21041,175,139,260,114
21,042,C21042,190,124,266,131
21,043,C21043,177,108,274,150
21,044,C21044,165,130,230,117
21,045,C21045,161,128,225,124
21,046,C21046,180,145,271,129
21,047,C21047,146,106,236,117
21,048,C21048,165,100,243,102
21,049,C21049,182,148,283,118
21,050,C21050,142,103,213,120
21,051,C21051,202,124,273,91
21,052,C21052,160,140,283,107
21,053,C21053,123,102,190,104
21,054,C21054,142,88,256,88
22,001,C22001,102,73,150,84
22,002,C22002,147,186,159,181
22,003,C22003,26,410,191,298
22,004,C22004,16,258,121,187
22,005,C22005,32,288,134,231
22,006,C22006,34,302,131,199
22,007,C22007,24,216,110,156
22,008,C22008,175,197,192,200
22,009,C22009,12,245,102,206
22,010,C22010,50,386,202,267
22,011,C22011,27,237,114,168
22,012,C22012,109,184,146,154
22,013,C22013,41,274,149,220
22,014,C22014,44,185,108,185
22,015,C22015,21,213,124,166
22,016,C22016,32,254,137,201
22,017,C22017,30,303,131,226
22,018,C22018,25,224,151,178
22,019,C22019,43,81,103,75
22,020,C22020,38,267,140,212
22,021,C22021,123,177,274,158
22,022,C22022,30,238,107,209
22,023,C22023,216,127,309,167
22,024,C22024,29,341,181,248
22,025,C22025,32,305,168,195
23,001,C23001,202,129,137,144
23,002,C23002,172,137,132,128
23,003,C23003,197,109,92,130
23,004,C23004,215,153,143,170
23,005,C23005,84,201,156,191
23,006,C23006,118,203,152,236
23,007,C23007,76,187,136,179
23,008,C23008,182,180,148,196
23,009,C23009,64,176,134,168
23,010,C23010,120,217,163,230
23,011,C23011,79,246,206,208
23,012,C23012,183,153,96,148
23,013,C23013,39,154,122,150
23,014,C23014,173,124,101,111
23,015,C23015,74,184,158,146
23,016,C23016,187,126,97,147
23,017,C23017,37,140,101,161
23,018,C23018,132,147,105,137
23,019,C23019,50,185,124,178
23,020,C23020,45,139,98,138
23,021,C23021,191,128,112,132
23,022,C23022,170,133,140,149
23,023,C23023,180,145,117,169
23,024,C23024,54,182,126,152
23,025,C23025,96,182,116,152
23,026,C23026,130,176,142,170
23,027,C23027,186,143,104,132
23,028,C23028,167,160,139,135
23,029,C23029,149,118,93,131
23,030,C23030,99,233,163,226
23,031,C23031,50,190,121,158
23,032,C23032,93,209,165,201
23,033,C23033,60,232,159,205
23,034,C23034,68,189,123,205
23,035,C23035,130,125,68,95
23,036,C23036,226,127,108,129
23,037,C23037,201,112,80,132
23,038,C23038,155,121,115,114
23,039,C23039,71,212,155,174
24,001,C24001,113,103,199,98
24,002,C24002,101,95,241,111
24,003,C24003,125,98,238,104
24,004,C24004,114,73,224,118
24,005,C24005,66,70,135,69
24,006,C24006,120,112,206,146
24,007,C24007,41,108,90,100
24,008,C24008,79,71,116,61
24,009,C24009,124,96,242,122
24,010,C24010,58,74,139,57
24,011,C24011,121,106,280,124
24,012,C24012,73,52,154,89
24,013,C24013,72,44,129,69
24,014,C24014,105,88,233,103
24,015,C24015,76,63,142,65
24,016,C24016,60,203,158,216
24,017,C24017,86,72,202,99
24,018,C24018,133,119,248,125
24,019,C24019,140,107,253,153
24,020,C24020,93,79,180,93
24,021,C24021,61,52,106,67
24,022,C24022,159,120,314,140
24,023,C24023,100,101,212,99
24,024,C24024,133,141,272,166
24,025,C24025,110,78,207,110
24,026,C24026,194,126,330,121
24,027,C24027,126,105,257,108
24,028,C24028,91,93,196,70
24,029,C24029,99,69,166,80
24,030,C24030,65,58,145,46
24,031,C24031,127,122,253,139
24,032,C24032,81,53,132,65
24,033,C24033,72,53,118,77
24,034,C24034,110,90,223,86
24,035,C24035,162,147,205,115
24,036,C24036,154,133,279,137
24,037,C24037,73,63,127,95
24,038,C24038,80,134,158,102
24,039,C24039,147,149,270,102
24,040,C24040,110,97,231,125
24,041,C24041,99,56,208,47
25,001,C25001,84,228,154,218
25,002,C25002,66,253,129,317
25,003,C25003,172,78,165,215
25,004,C25004,142,88,185,186
25,005,C25005,101,252,133,282
25,006,C25006,103,40,75,60
25,007,C25007,52,292,149,261
25,008,C25008,55,296,166,293
25,009,C25009,51,292,178,279
25,010,C25010,276,42,220,152
25,011,C25011,67,285,150,307
25,012,C25012,70,256,120,257
25,013,C25013,55,324,168,297
25,014,C25014,181,68,175,106
25,015,C25015,88,235,161,240
25,016,C25016,256,45,185,149
25,017,C25017,95,283,199,260
25,018,C25018,266,67,144,116
25,019,C25019,65,324,151,349
25,020,C25020,138,75,234,119
25,021,C25021,233,83,221,281
25,022,C25022,59,267,137,292
25,023,C25023,74,286,183,306
25,024,C25024,55,304,152,316
25,025,C25025,209,100,127,197
25,026,C25026,59,259,145,285
25,027,C25027,150,70,147,201
25,028,C25028,62,306,137,337
25,029,C25029,163,109,231,125
25,030,C25030,51,258,138,298
25,031,C25031,258,54,217,149
25,032,C25032,83,216,133,219
26,001,C26001,82,115,93,221
26,002,C26002,55,156,133,138
26,003,C26003,95,117,90,225
26,004,C26004,60,108,130,108
26,005,C26005,58,135,115,178
26,006,C26006,72,158,120,157
26,007,C26007,49,112,62,221
26,008,C26008,26,89,85,84
26,009,C26009,60,137,125,140
26,010,C26010,59,137,124,196
26,011,C26011,59,146,132,160
26,012,C26012,74,116,126,200
26,013,C26013,52,88,128,93
26,014,C26014,34,120,95,146
26,015,C26015,43,82,98,80
26,016,C26016,39,86,94,89
26,017,C26017,116,89,93,115
26,018,C26018,80,121,120,132
26,019,C26019,43,88,112,100
26,020,C26020,84,107,117,174
26,021,C26021,73,147,144,227
26,022,C26022,41,105,75,112
26,023,C26023,44,98,87,118
26,024,C26024,67,132,132,148
26,025,C26025,55,136,119,145
26,026,C26026,43,88,80,141
26,027,C26027,89,151,130,208
26,028,C26028,127,108,127,176
26,029,C26029,53,93,72,106
26,030,C26030,48,110,88,154
26,031,C26031,34,84,63,87
26,032,C26032,115,102,127,181
26,033,C26033,72,129,122,179
26,034,C26034,81,147,143,216
26,035,C26035,84,136,114,173
26,036,C26036,57,107,72,210
26,037,C26037,54,153,141,229
26,038,C26038,39,87,84,75
26,039,C26039,79,134,98,192
26,040,C26040,32,66,74,120
26,041,C26041,81,137,145,183
26,042,C26042,48,122,64,173
26,043,C26043,38,107,87,97
26,044,C26044,41,86,101,88
26,045,C26045,30,69,72,77
26,046,C26046,66,69,65,114
26,047,C26047,41,132,89,99
26,048,C26048,59,113,84,206
26,049,C26049,31,93,96,90
27,001,C27001,203,46,129,158
27,002,C27002,207,88,220,130
27,003,C27003,75,71,169,81
27,004,C27004,75,70,114,95
27,005,C27005,102,76,165,87
27,006,C27006,132,63,152,115
27,007,C27007,149,147,161,289
27,008,C27008,110,75,216,107
27,009,C27009,87,21,77,46
27,010,C27010,176,90,301,116
27,011,C27011,173,57,135,116
27,012,C27012,144,33,106,76
27,013,C27013,221,150,279,218
27,014,C27014,73,46,168,64
27,015,C27015,117,52,194,59
27,016,C27016,137,44,138,109
27,017,C27017,135,91,203,162
27,018,C27018,126,67,192,122
27,019,C27019,89,71,165,84
27,020,C27020,108,67,200,156
27,021,C27021,205,40,160,81
27,022,C27022,74,78,164,75
27,023,C27023,126,84,198,101
27,024,C27024,79,120,178,112
27,025,C27025,117,77,170,130
27,026,C27026,111,104,201,106
27,027,C27027,150,80,249,172
27,028,C27028,72,53,93,67
27,029,C27029,74,106,180,117
27,030,C27030,71,54,163,56
27,031,C27031,106,80,204,97
27,032,C27032,102,90,177,124
27,033,C27033,162,71,164,139
27,034,C27034,162,71,271,93
27,035,C27035,172,67,112,166
27,036,C27036,98,79,167,106
27,037,C27037,216,79,268,88
27,038,C27038,310,107,296,169
27,039,C27039,115,84,173,110
27,040,C27040,178,119,182,202
27,041,C27041,171,80,265,96
27,042,C27042,121,56,104,88
27,043,C27043,93,84,194,137
27,044,C27044,104,82,208,112
27,045,C27045,182,82,191,217
27,046,C27046,168,19,108,68
27,047,C27047,139,78,177,107
27,048,C27048,175,97,247,204
27,049,C27049,85,64,165,103
27,050,C27050,128,78,247,95
28,001,C28001,99,81,218,116
28,002,C28002,94,85,213,104
28,003,C28003,72,79,191,105
28,004,C28004,114,69,86,131
28,005,C28005,101,66,153,44
28,006,C28006,102,51,113,56
28,007,C28007,122,98,261,105
28,008,C28008,94,37,91,113
28,009,C28009,126,73,245,92
28,010,C28010,150,85,196,185
28,011,C28011,157,204,265,327
28,012,C28012,143,79,247,124
28,013,C28013,109,90,258,88
28,014,C28014,141,77,234,93
28,015,C28015,58,23,104,19
28,016,C28016,87,53,169,65
28,017,C28017,108,63,211,91
28,018,C28018,117,65,167,92
28,019,C28019,82,130,119,180
28,020,C28020,108,115,242,98
28,021,C28021,116,69,197,86
28,022,C28022,85,95,178,107
28,023,C28023,141,104,286,121
28,024,C28024,110,82,231,85
28,025,C28025,134,139,287,142
28,026,C28026,135,87,281,93
28,027,C28027,151,92,111,195
28,028,C28028,177,91,127,206
28,029,C28029,55,38,115,44
28,030,C28030,27,20,40,16
28,031,C28031,208,110,329,126
28,032,C28032,117,78,214,125
28,033,C28033,146,97,281,101
28,034,C28034,157,129,398,205
28,035,C28035,117,116,275,131
28,036,C28036,81,61,141,78
28,037,C28037,186,107,352,121
28,038,C28038,64,51,144,38
28,039,C28039,102,65,194,89
28,040,C28040,164,98,329,119
28,041,C28041,85,80,175,77
28,042,C28042,131,111,275,108
28,043,C28043,170,85,331,147
28,044,C28044,84,75,184,58
28,045,C28045,118,59,105,131
28,046,C28046,171,233,221,294
29,001,C29001,217,180,215,191
29,002,C29002,257,149,408,172
29,003,C29003,200,101,322,142
29,004,C29004,195,125,307,142
29,005,C29005,143,110,238,108
29,006,C29006,138,96,256,118
29,007,C29007,189,111,206,145
29,008,C29008,98,73,236,116
29,009,C29009,191,184,187,170
29,010,C29010,263,185,237,195
29,011,C29011,89,86,163,76
29,012,C29012,216,143,303,158
29,013,C29013,169,129,329,116
29,014,C29014,155,148,290,121
29,015,C29015,217,144,323,134
29,016,C29016,177,122,309,117
29,017,C29017,176,96,295,125
29,018,C29018,162,101,282,128
29,019,C29019,165,149,295,123
29,020,C29020,216,169,344,166
29,021,C29021,181,107,363,181
29,022,C29022,99,119,216,130
29,023,C29023,161,170,159,174
29,024,C29024,165,94,255,124
29,025,C29025,228,114,314,122
29,026,C29026,172,130,256,134
29,027,C29027,146,109,229,98
29,028,C29028,194,162,363,140
29,029,C29029,165,132,138,120
29,030,C29030,227,166,297,122
29,031,C29031,164,122,110,124
29,032,C29032,131,136,107,138
29,033,C29033,141,109,238,73
29,034,C29034,112,88,133,98
29,035,C29035,101,82,212,97
29,036,C29036,186,88,234,103
29,037,C29037,156,125,245,132
29,038,C29038,123,135,158,146
29,039,C29039,142,140,135,152
29,040,C29040,201,130,311,148
29,041,C29041,153,96,223,112
29,042,C29042,171,112,328,126
29,043,C29043,195,195,241,199
29,044,C29044,199,168,356,157
30,001,C30001,119,164,162,201
30,002,C30002,127,149,161,166
30,003,C30003,93,118,99,154
30,004,C30004,134,148,133,174
30,005,C30005,71,129,128,138
30,006,C30006,99,129,152,131
30,007,C30007,101,196,127,226
30,008,C30008,147,165,137,245
30,009,C30009,113,111,137,151
30,010,C30010,112,167,188,189
30,011,C30011,66,153,149,169
30,012,C30012,95,139,130,166
30,013,C30013,112,140,167,114
30,014,C30014,63,109,120,127
30,015,C30015,178,111,126,177
30,016,C30016,56,84,95,78
30,017,C30017,141,130,136,176
30,018,C30018,73,181,124,266
30,019,C30019,60,191,170,195
30,020,C30020,105,180,147,180
30,021,C30021,106,134,114,118
30,022,C30022,88,199,157,310
30,023,C30023,82,156,154,234
30,024,C30024,81,159,111,286
30,025,C30025,106,165,144,286
30,026,C30026,77,98,64,128
30,027,C30027,74,83,105,92
30,028,C30028,132,148,156,193
30,029,C30029,53,95,109,107
30,030,C30030,37,77,63,99
30,031,C30031,86,105,84,126
30,032,C30032,80,110,104,153
31,001,C31001,57,151,104,126
31,002,C31002,59,116,108,112
31,003,C31003,99,138,111,119
31,004,C31004,78,158,124,216
31,005,C31005,82,142,113,123
31,006,C31006,87,127,118,97
31,007,C31007,78,145,133,235
31,008,C31008,60,91,91,73
31,009,C31009,95,153,117,157
31,010,C31010,77,104,113,113
31,011,C31011,86,100,105,92
31,012,C31012,80,103,86,109
31,013,C31013,59,172,135,132
31,014,C31014,90,113,86,115
31,015,C31015,68,110,97,88
31,016,C31016,60,186,114,204
31,017,C31017,102,119,101,97
31,018,C31018,84,119,96,120
31,019,C31019,85,103,105,92
31,020,C31020,73,130,110,110
31,021,C31021,77,110,138,106
31,022,C31022,43,133,98,113
31,023,C31023,80,114,91,116
31,024,C31024,93,135,108,142
31,025,C31025,64,123,97,111
31,026,C31026,97,133,119,138
31,027,C31027,104,146,96,123
31,028,C31028,62,116,95,127
31,029,C31029,122,126,158,114
31,030,C31030,64,104,85,91
31,031,C31031,78,131,124,124
31,032,C31032,55,119,106,97
31,033,C31033,95,105,103,104
31,034,C31034,91,113,79,141
31,035,C31035,84,161,135,117
31,036,C31036,101,144,113,119
31,037,C31037,76,112,109,104
31,038,C31038,79,131,136,131
31,039,C31039,48,145,103,160
31,040,C31040,71,138,84,181
31,041,C31041,49,146,126,112
32,001,C32001,172,110,184,212
32,002,C32002,188,61,179,152
32,003,C32003,139,219,154,343
32,004,C32004,208,91,193,146
32,005,C32005,172,115,168,200
32,006,C32006,203,55,167,176
32,007,C32007,234,81,148,169
32,008,C32008,270,52,164,187
32,009,C32009,188,113,155,201
32,010,C32010,206,81,159,140
32,011,C32011,117,184,130,320
32,012,C32012,81,186,116,263
32,013,C32013,223,59,153,180
32,014,C32014,107,167,155,293
32,015,C32015,164,100,155,154
32,016,C32016,156,133,151,218
32,017,C32017,131,185,154,318
32,018,C32018,250,50,158,101
32,019,C32019,138,115,183,183
32,020,C32020,78,246,151,333
32,021,C32021,216,115,183,186
32,022,C32022,146,214,195,379
32,023,C32023,201,55,151,166
32,024,C32024,167,29,105,89
32,025,C32025,162,99,132,169
32,026,C32026,158,182,184,264
32,027,C32027,253,68,146,135
32,028,C32028,123,178,154,295
32,029,C32029,170,146,182,249
32,030,C32030,248,42,155,82
32,031,C32031,213,82,172,190
32,032,C32032,211,88,183,156
32,033,C32033,216,103,175,160
32,034,C32034,154,108,156,198
32,035,C32035,183,75,148,164
32,036,C32036,209,78,197,184
32,037,C32037,122,100,127,195
32,038,C32038,165,89,126,182
32,039,C32039,295,53,182,98
32,040,C32040,263,75,210,175
32,041,C32041,222,75,162,155
32,042,C32042,169,95,153,169
32,043,C32043,117,169,143,273
33,001,C33001,122,203,186,289
33,002,C33002,172,244,235,310
33,003,C33003,142,232,205,343
33,004,C33004,149,221,182,342
33,005,C33005,139,146,134,218
33,006,C33006,130,170,204,221
33,007,C33007,173,176,192,263
33,008,C33008,256,222,263,291
33,009,C33009,185,166,194,245
33,010,C33010,218,147,166,208
33,011,C33011,145,203,168,313
33,012,C33012,159,185,181,269
33,013,C33013,98,212,153,329
33,014,C33014,45,114,82,139
33,015,C33015,149,258,209,319
33,016,C33016,233,254,261,334
33,017,C33017,161,234,193,289
33,018,C33018,151,245,186,359
33,019,C33019,130,171,174,273
33,020,C33020,153,224,207,310
33,021,C33021,151,200,170,275
33,022,C33022,211,176,206,249
33,023,C33023,175,180,187,261
33,024,C33024,326,219,249,310
33,025,C33025,158,249,205,293
33,026,C33026,78,152,95,270
33,027,C33027,115,149,159,273
33,028,C33028,88,173,153,278
34,001,C34001,189,129,291,126
34,002,C34002,175,95,229,87
34,003,C34003,182,115,275,125
34,004,C34004,132,90,230,82
34,005,C34005,162,91,224,93
34,006,C34006,227,123,281,140
34,007,C34007,206,116,269,134
34,008,C34008,122,97,239,95
34,009,C34009,126,100,240,71
34,010,C34010,171,130,236,144
34,011,C34011,138,85,228,101
34,012,C34012,194,118,286,126
34,013,C34013,172,126,274,112
34,014,C34014,125,95,231,94
34,015,C34015,124,78,236,84
34,016,C34016,140,88,223,83
34,017,C34017,221,129,326,137
34,018,C34018,121,83,235,83
34,019,C34019,169,105,275,175
34,020,C34020,251,109,327,113
34,021,C34021,251,124,318,134
34,022,C34022,194,96,268,88
34,023,C34023,146,90,205,91
34,024,C34024,145,90,256,109
34,025,C34025,232,107,290,133
34,026,C34026,169,121,279,124
34,027,C34027,136,95,230,92
34,028,C34028,119,68,203,86
34,029,C34029,121,99,222,87
34,030,C34030,176,128,237,119
34,031,C34031,149,70,246,87
34,032,C34032,177,87,247,124
34,033,C34033,127,96,228,87
34,034,C34034,173,128,282,137
34,035,C34035,169,123,255,160
34,036,C34036,153,122,239,100
34,037,C34037,99,66,178,76
34,038,C34038,111,56,153,73
34,039,C34039,122,99,214,92
34,040,C34040,183,122,285,132
34,041,C34041,118,82,192,80
34,042,C34042,191,124,243,114
34,043,C34043,170,116,253,106
34,044,C34044,177,103,279,101
34,045,C34045,200,111,282,122
34,046,C34046,116,74,163,91
34,047,C34047,173,62,261,97
34,048,C34048,199,126,297,106
34,049,C34049,201,154,274,173
34,050,C34050,124,100,221,97
34,051,C34051,184,133,254,125
34,052,C34052,147,84,193,114
34,053,C34053,117,63,193,100
35,001,C35001,99,194,126,227
35,002,C35002,131,218,166,246
35,003,C35003,75,162,140,251
35,004,C35004,132,179,135,219
35,005,C35005,74,182,139,224
35,006,C35006,81,173,125,218
35,007,C35007,56,201,121,310
35,008,C35008,59,183,135,293
35,009,C35009,122,180,167,211
35,010,C35010,107,227,137,431
35,011,C35011,91,216,143,271
35,012,C35012,44,150,134,149
35,013,C35013,45,146,135,147
35,014,C35014,62,163,144,197
35,015,C35015,76,246,166,280
35,016,C35016,47,150,146,147
35,017,C35017,118,152,162,254
35,018,C35018,77,162,179,155
35,019,C35019,51,128,124,132
35,020,C35020,78,142,142,197
35,021,C35021,78,166,155,217
35,022,C35022,123,169,156,258
35,023,C35023,118,154,156,239
35,024,C35024,81,170,134,229
35,025,C35025,112,172,142,354
35,026,C35026,94,141,119,194
35,027,C35027,97,133,151,196
35,028,C35028,98,174,150,222
35,029,C35029,80,138,147,186
35,030,C35030,124,149,178,207
35,031,C35031,139,182,138,261
36,001,C36001,126,152,164,155
36,002,C36002,92,201,165,157
36,003,C36003,102,187,150,134
36,004,C36004,109,180,180,161
36,005,C36005,108,185,201,147
36,006,C36006,88,151,159,126
36,007,C36007,227,157,135,176
36,008,C36008,51,196,133,153
36,009,C36009,66,183,145,158
36,010,C36010,98,199,154,168
36,011,C36011,82,132,129,125
36,012,C36012,46,121,125,115
36,013,C36013,49,145,128,110
36,014,C36014,145,155,124,163
36,015,C36015,180,157,152,164
36,016,C36016,154,164,135,148
36,017,C36017,181,162,157,167
36,018,C36018,175,134,103,169
36,019,C36019,135,183,181,197
36,020,C36020,139,145,133,142
36,021,C36021,75,155,151,173
36,022,C36022,46,171,123,155
36,023,C36023,73,170,144,160
36,024,C36024,170,168,135,156
36,025,C36025,64,178,146,193
36,026,C36026,170,100,115,104
36,027,C36027,117,155,139,141
36,028,C36028,127,138,118,129
36,029,C36029,181,180,143,184
36,030,C36030,175,143,129,161
37,001,C37001,154,75,216,85
37,002,C37002,73,103,149,84
37,003,C37003,103,65,201,90
37,004,C37004,131,89,201,110
37,005,C37005,188,108,267,122
37,006,C37006,154,111,250,118
37,007,C37007,102,90,194,79
37,008,C37008,98,95,200,83
37,009,C37009,150,98,268,126
37,010,C37010,171,144,247,153
37,011,C37011,115,58,185,92
37,012,C37012,91,100,160,127
37,013,C37013,115,77,206,62
37,014,C37014,172,93,243,109
37,015,C37015,191,96,257,141
37,016,C37016,152,116,245,132
37,017,C37017,150,66,229,118
37,018,C37018,150,114,266,104
37,019,C37019,85,104,212,99
37,020,C37020,119,90,216,93
37,021,C37021,133,107,204,101
37,022,C37022,111,129,204,121
37,023,C37023,167,104,253,126
37,024,C37024,178,101,237,134
37,025,C37025,159,98,237,117
37,026,C37026,203,134,303,160
37,027,C37027,146,124,233,99
37,028,C37028,109,97,202,90
37,029,C37029,151,128,273,107
37,030,C37030,128,113,275,104
37,031,C37031,172,120,271,128
37,032,C37032,138,112,229,96
37,033,C37033,165,108,298,80
37,034,C37034,165,94,256,104
37,035,C37035,187,92,271,105
37,036,C37036,142,71,256,99
37,037,C37037,169,98,283,132
37,038,C37038,164,140,288,134
37,039,C37039,124,105,245,116
37,040,C37040,185,110,278,131
37,041,C37041,183,140,244,113
38,001,C38001,155,119,132,128
38,002,C38002,253,137,108,117
38,003,C38003,191,119,131,152
38,004,C38004,203,124,121,142
38,005,C38005,181,139,122,135
38,006,C38006,163,141,116,133
38,007,C38007,213,114,119,106
38,008,C38008,171,116,118,119
38,009,C38009,202,146,127,147
38,010,C38010,134,121,115,134
38,011,C38011,169,119,120,138
38,012,C38012,221,105,122,93
38,013,C38013,187,152,127,145
38,014,C38014,185,135,120,172
38,015,C38015,163,110,147,134
38,016,C38016,201,133,122,130
38,017,C38017,194,144,121,155
38,018,C38018,220,109,111,150
38,019,C38019,285,90,157,107
38,020,C38020,186,111,127,128
38,021,C38021,136,102,100,133
38,022,C38022,174,120,112,153
38,023,C38023,203,133,132,182
38,024,C38024,239,136,117,146
38,025,C38025,149,95,101,128
38,026,C38026,229,113,131,139
38,027,C38027,200,118,126,142
38,028,C38028,239,138,129,149
38,029,C38029,170,125,145,142
38,030,C38030,174,123,116,135
38,031,C38031,162,140,148,148
38,032,C38032,166,111,99,168
38,033,C38033,147,138,130,146
38,034,C38034,152,125,143,168
38,035,C38035,155,137,140,200
38,036,C38036,168,99,111,153
38,037,C38037,156,169,133,161
38,038,C38038,154,103,126,113
38,039,C38039,197,156,139,187
38,040,C38040,197,110,125,159
38,041,C38041,204,115,126,164
39,001,C39001,196,110,142,134
39,002,C39002,284,121,226,63
39,003,C39003,194,123,161,207
39,004,C39004,203,116,144,117
39,005,C39005,161,151,139,194
39,006,C39006,134,153,147,182
39,007,C39007,128,145,135,158
39,008,C39008,133,201,177,227
39,009,C39009,180,122,155,178
39,010,C39010,77,73,86,99
39,011,C39011,158,113,162,160
39,012,C39012,161,178,178,271
39,013,C39013,162,117,140,145
39,014,C39014,152,103,110,159
39,015,C39015,250,106,158,156
39,016,C39016,94,129,134,133
39,017,C39017,191,150,127,236
39,018,C39018,155,151,139,210
39,019,C39019,166,141,129,188
39,020,C39020,244,124,151,171
39,021,C39021,193,107,108,115
39,022,C39022,95,134,103,173
39,023,C39023,243,135,145,156
39,024,C39024,251,166,157,193
39,025,C39025,114,112,125,167
39,026,C39026,188,129,139,142
39,027,C39027,48,24,33,28
39,028,C39028,193,164,177,260
39,029,C39029,76,60,78,106
39,030,C39030,151,177,159,267
39,031,C39031,117,133,145,167
39,032,C39032,182,126,120,133
39,033,C39033,177,130,136,211
39,034,C39034,164,124,161,214
39,035,C39035,136,169,138,187
39,036,C39036,83,38,65,41
39,037,C39037,247,104,165,150
39,038,C39038,155,56,114,69
39,039,C39039,109,90,110,82
39,040,C39040,170,99,117,139
39,041,C39041,243,129,156,156
39,042,C39042,250,109,161,163
39,043,C39043,240,136,150,141
39,044,C39044,187,72,126,118
39,045,C39045,236,112,144,137
40,001,C40001,146,119,144,148
40,002,C40002,143,141,157,148
40,003,C40003,187,166,180,279
40,004,C40004,127,102,96,104
40,005,C40005,182,147,151,219
40,006,C40006,148,201,165,310
40,007,C40007,192,150,211,187
40,008,C40008,179,186,181,328
40,009,C40009,161,96,157,126
40,010,C40010,173,163,152,212
40,011,C40011,195,146,145,210
40,012,C40012,128,85,140,145
40,013,C40013,178,217,195,406
40,014,C40014,145,110,149,151
40,015,C40015,155,119,145,165
40,016,C40016,190,161,191,300
40,017,C40017,167,130,155,160
40,018,C40018,99,132,150,160
40,019,C40019,213,183,191,256
40,020,C40020,159,117,184,177
40,021,C40021,202,155,202,252
40,022,C40022,147,134,181,193
40,023,C40023,197,183,218,262
40,024,C40024,142,121,133,151
40,025,C40025,202,144,226,269
40,026,C40026,179,167,189,242
40,027,C40027,184,218,238,295
40,028,C40028,147,181,195,272
40,029,C40029,226,130,161,168
40,030,C40030,253,112,150,149
40,031,C40031,177,181,195,238
40,032,C40032,197,168,203,213
40,033,C40033,168,165,206,198
40,034,C40034,161,125,129,152
40,035,C40035,119,91,134,119
40,036,C40036,183,124,197,138
40,037,C40037,155,169,196,201
40,038,C40038,180,196,156,330
40,039,C40039,42,53,54,57
41,001,C41001,234,150,120,119
41,002,C41002,285,157,122,145
41,003,C41003,193,147,125,133
41,004,C41004,308,170,141,162
41,005,C41005,275,153,148,168
41,006,C41006,372,128,171,205
41,007,C41007,326,144,145,147
41,008,C41008,255,170,101,143
41,009,C41009,220,171,149,166
41,010,C41010,320,147,149,156
41,011,C41011,271,174,133,158
41,012,C41012,238,149,162,122
41,013,C41013,266,178,116,156
41,014,C41014,352,125,183,176
41,015,C41015,298,179,152,194
41,016,C41016,223,150,105,139
41,017,C41017,284,131,137,115
41,018,C41018,232,142,108,144
41,019,C41019,290,148,158,177
41,020,C41020,218,111,128,79
41,021,C41021,276,114,113,156
41,022,C41022,253,173,122,163
41,023,C41023,281,139,125,102
41,024,C41024,228,141,82,143
41,025,C41025,117,86,91,97
41,026,C41026,255,170,133,153
41,027,C41027,184,92,91,110
41,028,C41028,152,111,168,145
41,029,C41029,150,64,104,89
41,030,C41030,236,166,123,157
41,031,C41031,325,131,172,114
41,032,C41032,199,115,90,141
41,033,C41033,213,141,138,117
41,034,C41034,231,122,90,131
41,035,C41035,285,172,120,191
41,036,C41036,242,154,109,146
41,037,C41037,273,165,136,167
41,038,C41038,195,154,120,124
41,039,C41039,275,141,153,151
41,040,C41040,299,167,124,137
41,041,C41041,282,146,127,119
41,042,C41042,269,150,127,130
41,043,C41043,269,144,141,142
41,044,C41044,321,134,122,153
41,045,C41045,200,143,119,138
41,046,C41046,282,164,145,173
41,047,C41047,255,143,132,164
42,001,C42001,383,36,223,78
42,002,C42002,202,60,170,131
42,003,C42003,199,57,198,164
42,004,C42004,388,75,280,189
42,005,C42005,235,16,137,59
42,006,C42006,341,106,234,133
42,007,C42007,385,51,233,101
42,008,C42008,289,58,207,108
42,009,C42009,245,70,175,195
42,010,C42010,242,45,193,174
42,011,C42011,226,57,127,57
42,012,C42012,271,41,149,66
42,013,C42013,338,92,201,108
42,014,C42014,268,30,157,116
42,015,C42015,209,25,129,76
42,016,C42016,238,65,169,153
42,017,C42017,300,29,225,88
42,018,C42018,210,38,165,132
42,019,C42019,393,40,234,83
42,020,C42020,209,30,152,102
42,021,C42021,194,53,156,114
42,022,C42022,167,14,110,53
42,023,C42023,280,30,166,77
42,024,C42024,318,53,196,90
42,025,C42025,289,56,155,137
42,026,C42026,300,48,206,114
42,027,C42027,220,74,137,135
42,028,C42028,333,91,229,165
42,029,C42029,265,36,154,116
42,030,C42030,328,41,175,54
42,031,C42031,293,36,215,99
42,032,C42032,227,28,158,103
42,033,C42033,245,67,153,267
42,034,C42034,369,32,170,64
42,035,C42035,347,74,263,197
42,036,C42036,285,53,257,164
42,037,C42037,185,15,116,67
42,038,C42038,264,31,152,89
42,039,C42039,226,34,174,117
42,040,C42040,280,40,225,129
42,041,C42041,228,58,192,96
42,042,C42042,290,56,210,190
43,001,C43001,166,49,110,72
43,002,C43002,301,48,170,127
43,003,C43003,365,46,197,102
43,004,C43004,310,35,199,114
43,005,C43005,238,31,179,69
43,006,C43006,204,49,108,82
43,007,C43007,208,50,147,86
43,008,C43008,241,55,173,76
43,009,C43009,355,79,245,106
43,010,C43010,348,58,212,130
43,011,C43011,245,42,132,100
43,012,C43012,187,33,113,87
43,013,C43013,241,76,191,163
43,014,C43014,364,39,199,98
43,015,C43015,280,61,177,138
43,016,C43016,264,57,155,174
43,017,C43017,255,34,136,85
43,018,C43018,329,53,178,127
43,019,C43019,316,69,215,135
43,020,C43020,307,86,210,161
43,021,C43021,296,86,165,174
43,022,C43022,157,48,100,100
43,023,C43023,151,35,104,99
43,024,C43024,203,43,129,77
43,025,C43025,252,55,184,100
43,026,C43026,248,37,149,78
43,027,C43027,286,51,162,140
43,028,C43028,374,54,241,156
43,029,C43029,244,77,153,137
43,030,C43030,286,68,178,260
43,031,C43031,307,84,241,110
43,032,C43032,298,55,218,146
43,033,C43033,389,40,226,79
43,034,C43034,224,52,148,110
43,035,C43035,399,48,209,104
43,036,C43036,74,46,81,90
43,037,C43037,231,53,187,215
43,038,C43038,373,26,166,52
43,039,C43039,196,76,125,254
43,040,C43040,134,60,130,123
43,041,C43041,379,80,244,183
43,042,C43042,248,64,156,112
43,043,C43043,409,52,204,98
43,044,C43044,288,49,155,146
43,045,C43045,212,38,133,65
43,046,C43046,153,27,95,72
44,001,C44001,388,136,358,253
44,002,C44002,251,66,191,154
44,003,C44003,269,51,206,62
44,004,C44004,334,76,265,118
44,005,C44005,185,93,197,215
44,006,C44006,247,64,216,257
44,007,C44007,256,50,180,86
44,008,C44008,262,99,228,216
44,009,C44009,213,59,134,135
44,010,C44010,226,53,186,152
44,011,C44011,232,69,159,181
44,012,C44012,281,91,229,171
44,013,C44013,212,34,134,106
44,014,C44014,216,52,134,175
44,015,C44015,246,88,220,150
44,016,C44016,257,79,198,199
44,017,C44017,314,97,288,233
44,018,C44018,245,69,187,147
44,019,C44019,289,112,265,218
44,020,C44020,140,76,161,215
44,021,C44021,232,66,237,226
44,022,C44022,287,84,261,172
44,023,C44023,213,71,158,178
44,024,C44024,243,80,182,94
44,025,C44025,230,66,166,187
44,026,C44026,202,78,212,236
44,027,C44027,273,85,198,188
44,028,C44028,228,92,233,206
44,029,C44029,225,79,186,196
44,030,C44030,241,84,200,191
44,031,C44031,188,55,147,203
44,032,C44032,244,86,176,217
44,033,C44033,176,79,224,238
44,034,C44034,268,96,236,159
44,035,C44035,355,89,294,151
44,036,C44036,222,64,182,212
44,037,C44037,244,95,235,205
44,038,C44038,212,56,148,180
44,039,C44039,229,49,173,155
44,040,C44040,230,70,174,173
44,041,C44041,258,82,225,257
45,001,C45001,140,121,126,170
45,002,C45002,151,132,138,206
45,003,C45003,176,118,145,184
45,004,C45004,229,179,164,250
45,005,C45005,236,142,166,162
45,006,C45006,281,164,193,213
45,007,C45007,281,203,233,214
45,008,C45008,164,164,161,174
45,009,C45009,169,161,141,209
45,010,C45010,188,201,152,194
45,011,C45011,117,141,113,168
45,012,C45012,164,156,130,172
45,013,C45013,193,158,118,198
45,014,C45014,262,162,177,252
45,015,C45015,268,202,183,245
45,016,C45016,194,124,132,141
45,017,C45017,235,141,144,172
45,018,C45018,209,147,118,195
45,019,C45019,112,62,71,94
45,020,C45020,126,95,92,110
45,021,C45021,206,127,123,134
45,022,C45022,201,123,121,149
45,023,C45023,223,137,134,141
45,024,C45024,192,133,109,119
45,025,C45025,173,112,73,111
45,026,C45026,113,78,71,84
45,027,C45027,187,128,119,136
45,028,C45028,167,107,100,135
45,029,C45029,141,85,71,95
45,030,C45030,183,122,146,138
45,031,C45031,182,107,98,146
45,032,C45032,187,134,129,129
45,033,C45033,150,86,96,126
45,034,C45034,220,149,165,181
45,035,C45035,257,165,143,179
45,036,C45036,240,160,138,171
45,037,C45037,201,124,124,145
45,038,C45038,173,115,99,141
45,039,C45039,197,127,119,153
45,040,C45040,238,125,145,132
45,041,C45041,207,132,116,149
45,042,C45042,254,145,116,161
45,043,C45043,250,177,91,162
45,044,C45044,245,133,117,126
45,045,C45045,140,103,76,93
45,046,C45046,158,105,95,89
45,047,C45047,164,120,85,110
45,048,C45048,197,95,73,99
46,001,C46001,174,137,168,138
46,002,C46002,207,122,187,190
46,003,C46003,353,104,273,197
46,004,C46004,235,132,204,177
46,005,C46005,221,76,182,245
46,006,C46006,184,131,209,183
46,007,C46007,352,140,284,167
46,008,C46008,149,133,190,140
46,009,C46009,218,106,168,274
46,010,C46010,233,96,270,289
46,011,C46011,218,104,168,185
46,012,C46012,177,141,175,272
46,013,C46013,218,99,204,199
46,014,C46014,217,211,284,154
46,015,C46015,252,95,201,172
46,016,C46016,201,156,207,247
46,017,C46017,310,122,227,191
46,018,C46018,219,92,196,226
46,019,C46019,198,65,154,113
46,020,C46020,200,151,216,136
46,021,C46021,135,91,116,152
46,022,C46022,115,174,116,192
46,023,C46023,175,109,182,167
46,024,C46024,283,93,213,209
46,025,C46025,185,165,176,205
46,026,C46026,166,114,180,228
46,027,C46027,213,116,213,266
46,028,C46028,309,112,246,162
46,029,C46029,208,96,184,137
46,030,C46030,191,143,240,180
46,031,C46031,197,95,201,208
46,032,C46032,214,202,238,192
46,033,C46033,283,75,261,196
46,034,C46034,221,125,177,249
46,035,C46035,266,144,283,224
46,036,C46036,273,91,213,144
46,037,C46037,159,88,173,96
46,038,C46038,180,119,187,178
46,039,C46039,249,67,217,174
46,040,C46040,165,132,174,182
47,001,C47001,133,58,115,117
47,002,C47002,290,128,194,212
47,003,C47003,352,108,239,164
47,004,C47004,272,126,188,201
47,005,C47005,222,118,179,285
47,006,C47006,237,89,206,227
47,007,C47007,183,121,155,208
47,008,C47008,291,109,190,186
47,009,C47009,160,100,149,175
47,010,C47010,190,146,193,342
47,011,C47011,210,66,190,173
47,012,C47012,221,139,178,251
47,013,C47013,178,150,152,277
47,014,C47014,218,103,177,174
47,015,C47015,142,208,209,359
47,016,C47016,235,148,173,223
47,017,C47017,201,116,173,214
47,018,C47018,251,94,202,208
47,019,C47019,185,172,249,320
47,020,C47020,202,153,165,232
47,021,C47021,181,120,158,229
47,022,C47022,229,157,204,264
47,023,C47023,179,178,220,284
47,024,C47024,204,103,176,197
47,025,C47025,222,123,207,247
47,026,C47026,193,167,237,309
47,027,C47027,184,98,160,189
47,028,C47028,217,134,186,223
47,029,C47029,223,110,179,232
47,030,C47030,202,149,228,275
47,031,C47031,161,156,186,235
47,032,C47032,199,158,192,329
47,033,C47033,272,71,176,172
47,034,C47034,253,150,211,269
47,035,C47035,221,97,182,201
47,036,C47036,207,152,164,346
47,037,C47037,223,138,175,258
47,038,C47038,201,117,188,233
47,039,C47039,252,118,200,220
47,040,C47040,229,143,167,239
47,041,C47041,246,155,193,286
47,042,C47042,133,156,139,286
47,043,C47043,213,92,164,187
47,044,C47044,267,88,233,121
47,045,C47045,215,144,170,268
47,046,C47046,197,132,147,202
47,047,C47047,231,113,210,244
47,048,C47048,42,9,43,9
48,001,C48001,149,151,162,203
48,002,C48002,142,61,114,84
48,003,C48003,179,149,242,252
48,004,C48004,187,114,202,213
48,005,C48005,160,90,131,102
48,006,C48006,215,133,245,254
48,007,C48007,184,149,212,223
48,008,C48008,184,92,122,76
48,009,C48009,187,88,159,103
48,010,C48010,225,202,286,294
48,011,C48011,179,124,193,161
48,012,C48012,229,142,265,243
48,013,C48013,313,157,258,237
48,014,C48014,160,68,142,79
48,015,C48015,128,79,134,120
48,016,C48016,156,146,181,224
48,017,C48017,188,138,228,180
48,018,C48018,213,101,203,130
48,019,C48019,156,104,164,136
48,020,C48020,175,194,199,299
48,021,C48021,219,159,294,211
48,022,C48022,253,119,218,113
48,023,C48023,280,181,274,159
48,024,C48024,205,140,198,194
48,025,C48025,201,144,185,217
48,026,C48026,112,72,121,95
48,027,C48027,151,125,182,391
48,028,C48028,293,130,213,201
48,029,C48029,184,49,160,51
48,030,C48030,153,139,183,203
48,031,C48031,183,176,260,325
48,032,C48032,125,133,187,272
48,033,C48033,194,59,146,85
48,034,C48034,162,146,160,207
48,035,C48035,184,90,183,119
48,036,C48036,180,85,149,105
48,037,C48037,137,169,192,248
48,038,C48038,250,140,239,218
48,039,C48039,205,112,191,135
48,040,C48040,143,144,167,225
48,041,C48041,150,146,215,306
48,042,C48042,160,167,233,257
48,043,C48043,209,148,209,226
48,044,C48044,197,169,221,309
48,045,C48045,111,109,135,225
48,046,C48046,153,90,131,144
49,001,C49001,102,87,177,143
49,002,C49002,111,109,110,176
49,003,C49003,168,193,210,246
49,004,C49004,147,208,220,351
49,005,C49005,203,165,273,159
49,006,C49006,122,142,162,233
49,007,C49007,148,140,163,290
49,008,C49008,143,123,205,138
49,009,C49009,147,164,190,251
49,010,C49010,153,194,202,213
49,011,C49011,175,205,220,303
49,012,C49012,177,221,181,432
49,013,C49013,194,211,245,269
49,014,C49014,177,129,172,200
49,015,C49015,107,121,141,193
49,016,C49016,204,146,189,246
49,017,C49017,153,124,154,144
49,018,C49018,178,242,192,384
49,019,C49019,134,138,172,214
49,020,C49020,200,256,254,375
49,021,C49021,125,100,158,102
49,022,C49022,168,200,209,219
49,023,C49023,131,193,194,361
49,024,C49024,132,120,189,204
49,025,C49025,174,202,216,393
49,026,C49026,193,191,185,304
49,027,C49027,141,194,210,313
49,028,C49028,149,189,228,361
49,029,C49029,152,200,193,361
49,030,C49030,154,168,200,274
49,031,C49031,160,96,175,177
49,032,C49032,180,145,234,238
49,033,C49033,125,155,186,210
50,001,C50001,245,78,93,102
50,002,C50002,117,63,95,71
50,003,C50003,194,85,113,117
50,004,C50004,182,134,143,150
50,005,C50005,192,72,62,83
50,006,C50006,172,139,175,154
50,007,C50007,194,175,178,204
50,008,C50008,134,129,180,155
50,009,C50009,132,116,129,117
50,010,C50010,220,97,101,130
50,011,C50011,207,45,52,53
50,012,C50012,134,24,75,44
50,013,C50013,99,144,156,219
50,014,C50014,81,25,39,43
50,015,C50015,204,161,188,198
50,016,C50016,97,26,50,34
50,017,C50017,134,92,86,137
50,018,C50018,82,6,24,15
50,019,C50019,71,129,98,96
50,020,C50020,129,189,137,188
50,021,C50021,120,114,109,167
50,022,C50022,169,80,87,111
50,023,C50023,158,83,101,74
50,024,C50024,246,74,73,73
50,025,C50025,239,81,91,69
50,026,C50026,131,141,150,146
50,027,C50027,73,15,44,36
50,028,C50028,154,159,195,133
50,029,C50029,91,127,119,138
50,030,C50030,106,103,136,102
50,031,C50031,131,155,182,191
50,032,C50032,123,133,165,174
50,033,C50033,224,58,86,62
50,034,C50034,235,151,160,213
50,035,C50035,167,162,196,199
50,036,C50036,148,133,136,157
50,037,C50037,159,122,158,164
50,038,C50038,131,39,75,69
50,039,C50039,146,63,85,87
50,040,C50040,278,90,69,108